name,line

#
#
#    General Questions related to MLLIBS bot
#
#

user,"Hello"
bot,"Hello, how may I help you? I'll be your assistant for today"
user,"I need some help"
bot,"Sure, I'm here to help. Do you have any questions?"
user,"Can you pease help me"
bot,"I'll do my best to answer your questions. I'm listening."
user,"I want to ask some questions"
bot,"Sure, go ahead, I'm all yours."
user,"What can you help me with?"
bot,"Well, I'm the MLLIBS dialogue assistant, so my topic of knowledge is Machine Learning :)"

#
#
#    load_data | show toy_examples
#
#

user,"load flights dataset"
bot,"from seaborn import load_dataset
data = load_dataset('flights')"
user,"load iris dataset"
bot,"from seaborn import load_dataset
data = load_dataset('iris')"
user,"load mpg dataset"
bot,"from seaborn import load_dataset
data = load_dataset('mpg')"
user,"load taxi dataset"
bot,"from seaborn import load_dataset
data = load_dataset('taxi')"
user,"load breast cancer dataset"
bot,"**db5**"
user,"load diabetes dataset"
bot,"**db6**"

#
#
#    machine learning project
#
#

user,"What are the steps in a machine learning project?"
bot,"
1. Data collection: Gathering data from various sources and preparing it for analysis.
2. Data preparation: Cleaning, transforming, and formatting the data to make it suitable for analysis.
3. Data exploration: Analyzing the data to gain insights and identify patterns.
4. Feature engineering: Selecting and creating relevant features that will be used in the model.
5. Model selection: Choosing the appropriate algorithm or model for the problem at hand.
6. Model training: Fitting the model to the training data.
7. Model evaluation: Testing the performance of the model on a holdout set of data.
8. Model tuning: Adjusting the hyperparameters of the model to improve its performance.
9. Deployment: Integrating the model into a production environment for use in real-world applications.
10. Monitoring: Continuously monitoring the performance of the model and making updates as necessary.
"

#
#
#    sklearn.model_selection | train_test_split
#
#

user,"location of train_test_split"
bot,"sklearn.model_selection.train_test_split"
user,"train_test_split location"
bot,"sklearn.model_selection.train_test_split"
user,"from sklearn.model_selection import train_test_split"

user,"give me an example of train_test_split"
bot,"**db1**"
user,"train_test_split example"
bot,"**db1**"

user,"what are the input parameters of train_test_split?"
bot,"**db2**"
user,"what parameters are in train_test_split?"
bot,"[*arrays][test_size][train_size][random_state][shuffle]"
user,"what are the available input parameters of train_test_split?"
bot,"[*arrays][test_size][train_size][random_state][shuffle]"

user,"can I do stratification with train_test_split?"
bot,"yes, pass parameter [stratify] into train_test_split

<b>stratify</b>: [array-like], default=None
If not None, data is split in a stratified fashion, using this as the class labels. Read more in the User Guide."
user,"what are the default parameters of train_test_split?"
bot,"sklearn.model_selection.train_test_split(*arrays, test_size=None, train_size=None, random_state=None, shuffle=True, stratify=None)"

#
#
#    sklearn.model_selection | cross_val_score
#
#

user,"location of cross_val_score"
bot,"sklearn.model_selection.cross_val_score"
user,"import cross_val_score"
bot,"from sklearn.model_selection import cross_val_score"

user,"what parameters are in train_test_split?"
bot,"[*arrays][test_size][train_size][random_state][shuffle]"
user,"what are the available input parameters of train_test_split?"
bot,"[*arrays][test_size][train_size][random_state][shuffle]"

user,"what are the default parameters for cross_val_score?"
bot,"sklearn.model_selection.cross_val_score(estimator, X, y=None, *, groups=None, scoring=None, cv=None, n_jobs=None, verbose=0, fit_params=None, pre_dispatch='2*n_jobs', error_score=nan)"
user,"give me an example of cross_val_score"
bot,"**db3**"
user,"show an example of cross_val_score"
bot,"**db3**"

user,"what are the input parameters of cross_val_score?"
bot,"**db4**"
user,"which metrics can be used in cross_val_score?"
bot,"By default cross_val_score uses the chosen model’s default scoring metric, but this can be overridden with your metric of choice in the scoring parameter.

The common metrics provided by sklearn are passable as a string into this parameter:
◦ ‘accuracy’
◦ ‘balanced_accuracy’
◦ ‘roc_auc’
◦ ‘f1’
◦ ‘neg_mean_absolute_error’
◦ ‘neg_root_mean_squared_error’
◦ ‘r2’"

user,"Can I train my model using cross_val_score?"
bot,"A common question developers have is whether cross_val_score can also function as a way of training the final model. Unfortunately this is not the case. Cross_val_score is a way of assessing a model and it’s parameters, and cannot be used for final training. Final training should take place on all available data and tested using a set of data that has been held back from the start."
user,"What is cross_val_score used for?"
bot,"Cross_val_score is used as a simple cross validation technique to prevent over-fitting and promote model generalisation.

The typical process of model development is to train a model on one fold of data and then test on another. But how do we know that this single test dataset is representative? This is why we use cross_val_score and cross validation more generally, to train and test our model on multiple folds such that we can be sure out model generalises well across the whole dataset and not just a single portion.

If we see that the metrics for all folds in cross_val_score are uniform then it can be concluded that the model is able to generalise, however if there are significant differences between them then this may indicate over-fitting to certain folds and would need to be investigated further."


#
#
#    sklearn | pipeline
#
#

user,'what are the benefits of using sklearn pipeline?'
bot,"The benefit of using a sklearn pipeline is that it allows us to chain multiple data processing steps and machine learning models together into a single object. This can make our code more concise and easier to read, as well as providing a convenient way to ensure that all of our data processing steps are applied consistently to both the training and test data. Additionally, pipelines can be easily modified or extended with additional steps, making them a flexible tool for building complex machine learning workflows."
user,"what is an sklearn pipeline?"
bot,"An sklearn pipeline is a tool in the Python library scikit-learn that allows us to chain together multiple data processing and machine learning steps into a single object. This object can then be used to fit and transform data, as well as make predictions on new data. The pipeline ensures that all of the steps are applied consistently to both the training and test data, making it a powerful tool for building complex machine learning workflows."

user,"show me an example of an sklearn pipeline"
bot,"**db7**"
user,"give me an example of sklearn pipeline"
bot,"**db8**"
user,'what are the sklearn.pipeline methods?'
bot,"**db9**"
user,"show me an example of a FunctionTransformer?"
bot,"**db10**"

#
#
#    sklearn | dimensionality reduction
#
#

user,"What is independent component analysis?"
bot,"fICA - Independent component analysis (ICA) separates a multivariate signal into additive subcomponents that are maximally independent. It is implemented in scikit-learn using the Fast ICA algorithm. Typically, ICA is not used for reducing dimensionality but for separating superimposed signals. Since the ICA model does not include a noise term, for the model to be correct, whitening must be applied. This can be done internally using the whiten argument or manually using one of the PCA variants"
user,"What is principal component analysis?"
bot,"PCA - Principal component analysis (PCA) decomposition. Linear dimensionality reduction using Singular Value Decomposition of the data to project it to a lower dimensional space. Input data is centered but not scaled for each feature before applying the SVD."
user,"what is kernel principal component analysis?"
bot,"kPCA - Kernel principal component analysis (KPCA) is a non-linear extension of the traditional PCA algorithm. It involves applying a non-linear transformation to the data before performing PCA, which allows for more complex patterns and relationships to be captured. This transformation is achieved using a kernel function, which maps the original data into a higher-dimensional space where it may be more separable. The KPCA algorithm then performs PCA on this transformed data to identify the most important components or features."
user,"what is incremental principal component analysis?"
bot,"iPCA - Incremental principal components analysis (IPCA) is a variant of the traditional PCA algorithm that allows for the incremental computation of principal components as new data becomes available. In traditional PCA, all of the data must be available at once in order to perform the computation. IPCA, on the other hand, allows for the addition of new data points one at a time, which can be useful in situations where data is arriving continuously or in batches. IPCA works by updating the covariance matrix and eigenvalues of the data incrementally, rather than computing them from scratch each time new data is added. This can save computational time and resources, especially when dealing with large datasets"
user,"what is non negative matrix factorisation?"
bot,"NFM - Non-negative matrix factorization (NMF) is a technique that decomposes a non-negative matrix into two lower-rank non-negative matrices. The goal of NMF is to find a low-dimensional representation of the original data that captures the underlying patterns and structure of the data. NMF is often used for feature extraction, dimensionality reduction, and clustering in a variety of applications such as image processing, text mining, and bioinformatics. In NMF, the original matrix is factorized into two matrices: a basis matrix and a coefficient matrix. The basis matrix represents the basis vectors that form the low-dimensional representation of the data, while the coefficient matrix represents the weights of these basis vectors for each data point. The basis matrix and coefficient matrix are typically learned through an iterative optimization process that minimizes the reconstruction error between the original data and the low-dimensional representation. NMF has several advantages over other dimensionality reduction techniques such as PCA, including the ability to handle non-negative data and the ability to extract interpretable features."
user,"what is truncated SVD?
bot,"tSVD - Truncated SVD (Singular Value Decomposition) is a matrix factorization technique that decomposes a matrix into three matrices: a left singular matrix, a diagonal singular value matrix, and a right singular matrix. Truncated SVD is similar to NMF in that it is used for dimensionality reduction and feature extraction, but it can handle both positive and negative data. The "truncated" part of the name refers to the fact that only a subset of the singular values and corresponding singular vectors are retained, while the rest are discarded. This results in a lower-dimensional approximation of the original matrix that captures the most important information."
user,"what is isomap?"
bot,"isomap - Isomap embedding is a nonlinear dimensionality reduction technique that preserves the intrinsic geometric structure of high-dimensional data in a lower-dimensional space. It is based on the concept of geodesic distances, which measure the shortest path between two points on a manifold (a curved space). Isomap works by first constructing a graph of nearest neighbors for the data points, and then computing the shortest path distances between all pairs of points on this graph using a variant of Dijkstra's algorithm. These distances are then used to construct a low-dimensional embedding of the data using classical multidimensional scaling (MDS)"

#
#
#    Python | eval/exec
#
#

user,"how do I used exec()?"
bot,"exec('x=1')"
user,"how do I use exec function with lambda function?"
user,"eval('(lambda x=10: x+2)()')"
user,"how do I use exec and eval together?"
bot,"eval("exec('x = 1')")"
user,"what is python exec?"
bot,"The exec() function in Python is a built-in function that is used to execute a string of code dynamically. It takes a string as an argument and executes it as Python code. The exec() function can be used to execute any valid Python code, including statements, expressions, and even entire modules. It is commonly used for dynamic code execution, code generation, and other advanced programming tasks. However, it should be used with caution as it can potentially execute malicious code if not properly validated."
user,"what is eval function in python?
bot,"The eval() function in Python is a built-in function that is used to evaluate a string as a Python expression. It takes a string as an argument and returns the result of evaluating that string as a Python expression. The eval() function can be used to evaluate simple expressions such as arithmetic operations, logical operations, and string operations. 
user,"what is the difference between eval and exec?" 
bot,"The main difference between exec() and eval() is that exec() can execute any valid Python code, while eval() can only evaluate expressions."

#
#
#    Python | mutable/immutable
#
#

user,"what are mutable object in python?"
bot,"In Python, mutable objects are objects that can be changed after they are created, while immutable objects are objects that cannot be changed after they are created. Examples of mutable objects in Python include [lists], [sets], and [dictionaries], while examples of immutable objects include [integers], [floats, [strings], and [tuples]. When a mutable object is modified, it is modified in place, meaning that the original object is changed. On the other hand, when an immutable object is "modified," a new object is created with the modified value, and the original object remains unchanged."
user,"why are lists immutable objects?"
Lists are actually mutable objects in Python. They can be changed after they are created by adding, removing, or modifying elements. This is one of the main advantages of using lists in Python, as it allows for dynamic data manipulation and storage. However, if you need an immutable version of a list, you can use a tuple instead. Tuples are similar to lists, but once they are created, their elements cannot be changed."
user,"why are lists mutable objects?"
They can be changed after they are created by adding, removing, or modifying elements. This is one of the main advantages of using lists in Python, as it allows for dynamic data manipulation and storage. However, if you need an immutable version of a list, you can use a tuple instead. Tuples are similar to lists, but once they are created, their elements cannot be changed."

#
#
#    Python | mutable/immutable
#
#

user,"what are the core concepts of python?"
bot,"
1. Variables and Data Types: Python has several built-in data types, including numbers, strings, lists, tuples, and dictionaries. Understanding how to use and manipulate these data types is essential in Python programming.

2. Control Flow: Control flow refers to the order in which statements are executed in a program. Python has several control flow structures, including if/else statements, loops, and functions.

3. Functions: Functions are reusable blocks of code that perform a specific task. They can take arguments and return values, and are a fundamental concept in Python programming.

4. Object-Oriented Programming: Python is an object-oriented programming language, which means that it uses objects to represent data and behavior. Understanding how to create and use classes and objects is essential for building complex programs in Python.

5. File Handling: Python provides several built-in functions for reading and writing files. Understanding how to work with files is essential for many real-world applications.

6. Modules and Libraries: Python has a vast collection of modules and libraries that provide additional functionality beyond what is built into the language. Understanding how to import and use these modules is essential for building complex programs.

7. Error Handling: Python provides several mechanisms for handling errors and exceptions in programs. Understanding how to use these mechanisms is essential for building robust and reliable programs.
"

#
#
#    Python | transformer related theory/code
#
#

user,'what is bert?'
bot,"BERT (Bidirectional Encoder Representations from Transformers) is a pre-trained deep learning model that uses the Transformer architecture. The structure of BERT consists of 12 or 24 transformer blocks, depending on the size of the model, with each block consisting of a multi-head self-attention mechanism and a feedforward neural network. The input to BERT is a sequence of tokens, which are first embedded into high-dimensional vectors and then processed through the transformer blocks in a bidirectional manner. The output of BERT is a sequence of contextualized embeddings, which can be used for various natural language processing tasks such as sentiment analysis, question answering, and named entity recognition."

user,"what is luong attention?"
bot,"Luong attention is a type of attention mechanism used in neural machine translation models. It was proposed by Minh-Thang Luong in 2015 as an improvement over the original attention mechanism proposed by Bahdanau et al. in 2014. 

In Luong attention, the alignment score between the decoder hidden state and each encoder hidden state is computed using a dot product. This alignment score is then normalized using a softmax function to obtain attention weights, which are used to compute a weighted sum of the encoder hidden states. The resulting context vector is then concatenated with the decoder hidden state and passed through a feedforward neural network to generate the next output word.

Luong attention has been shown to be effective in improving the performance of machine translation models, particularly for longer sentences and languages with complex syntax."

user,"give me an example of luong attention in pytorch"
bot,"
Here is an example implementation code of Luong attention in PyTorch:

import torch
import torch.nn as nn

class LuongAttention(nn.Module):
    def __init__(self, hidden_size):
        super(LuongAttention, self).__init__()
        self.hidden_size = hidden_size
        self.attention = nn.Linear(hidden_size, hidden_size, bias=False)
        
    def forward(self, decoder_hidden, encoder_outputs):
        # decoder_hidden: [batch_size, hidden_size]
        # encoder_outputs: [seq_len, batch_size, hidden_size]
        
        # Compute alignment scores
        alignment_scores = torch.matmul(encoder_outputs, self.attention(decoder_hidden).unsqueeze(2)).squeeze(2)
        # alignment_scores: [seq_len, batch_size]
        
        # Normalize scores with softmax
        attention_weights = torch.softmax(alignment_scores, dim=0)
        # attention_weights: [seq_len, batch_size]
        
        # Compute context vector as weighted sum of encoder outputs
        context_vector = torch.sum(encoder_outputs * attention_weights.unsqueeze(2), dim=0)
        # context_vector: [batch_size, hidden_size]
        
        return context_vector, attention_weights


In this implementation, hidden_size is the size of the hidden state for both the encoder and decoder. The attention module is a linear layer that transforms the decoder hidden state to the same size as the encoder hidden state. 

In the forward method, the alignment scores are computed using a dot product between the transformed decoder hidden state and each encoder hidden state. The scores are then normalized with a softmax function to obtain attention weights. Finally, the context vector is computed as a weighted sum of the encoder outputs using the attention weights. The function returns both the context vector and the attention weights."

user,"give me an example of transformer encoder in pytorch"
bot,"
Here is an example implementation code of a Transformer encoder in PyTorch:

import torch
import torch.nn as nn

class TransformerEncoderLayer(nn.Module):
    def __init__(self, d_model, nhead, dim_feedforward=2048, dropout=0.1):
        super(TransformerEncoderLayer, self).__init__()
        self.self_attn = nn.MultiheadAttention(d_model, nhead, dropout=dropout)
        self.feed_forward = nn.Sequential(
            nn.Linear(d_model, dim_feedforward),
            nn.ReLU(),
            nn.Linear(dim_feedforward, d_model),
            nn.Dropout(dropout)
        )
        self.norm1 = nn.LayerNorm(d_model)
        self.norm2 = nn.LayerNorm(d_model)
        self.dropout1 = nn.Dropout(dropout)
        self.dropout2 = nn.Dropout(dropout)
        
    def forward(self, src, mask=None):
        # src: [seq_len, batch_size, d_model]
        
        # Self-attention layer
        src2, attn_weights = self.self_attn(src, src, src, attn_mask=mask)
        src = src + self.dropout1(src2)
        src = self.norm1(src)
        
        # Feed-forward layer
        src2 = self.feed_forward(src)
        src = src + self.dropout2(src2)
        src = self.norm2(src)
        
        return src, attn_weights

class TransformerEncoder(nn.Module):

    def __init__(self, num_layers, d_model, nhead, dim_feedforward=2048, dropout=0.1):
        super(TransformerEncoder, self).__init__()
        self.layers = nn.ModuleList([TransformerEncoderLayer(d_model, nhead, dim_feedforward, dropout) for _ in range(num_layers)])
        
    def forward(self, src, mask=None):
        # src: [seq_len, batch_size, d_model]
        
        attn_weights = []
        for layer in self.layers:
            src, attn_weight = layer(src, mask=mask)
            attn_weights.append(attn_weight)
        
        return src, torch.stack(attn_weights)


In this implementation, d_model is the dimensionality of the model, nhead is the number of attention heads, dim_feedforward is the dimensionality of the feed-forward layer, and dropout is the dropout probability.

The TransformerEncoderLayer class implements a single layer of the Transformer encoder. It consists of a self-attention layer followed by a feed-forward layer, each with a residual connection and layer normalization. The forward method takes in a sequence of input embeddings and an optional mask indicating which positions should be ignored during attention. It returns the encoded sequence and the attention weights.

The TransformerEncoder class stacks multiple TransformerEncoderLayers to form the full Transformer encoder. The forward method applies each layer in turn and returns the final encoded sequence and a tensor of attention weights from each layer."

user,"show me an example of multihead attention"
bot,"Here is an example of using nn.MultiheadAttention in PyTorch:

python
import torch
import torch.nn as nn

# Define the input sequence
seq_len = 5
batch_size = 2
d_model = 4
src = torch.randn(seq_len, batch_size, d_model)

# Define the multi-head attention module
nhead = 2
attn = nn.MultiheadAttention(d_model, nhead)

# Compute the self-attention output
src2, attn_weights = attn(src, src, src)

# Print the output and attention weights
print("Input:\n", src)
print("Output:\n", src2)
print("Attention weights:\n", attn_weights)

In this example, we first define an input sequence of length seq_len, batch size batch_size, and embedding dimension d_model. We then define a nn.MultiheadAttention module with nhead attention heads and apply it to the input sequence using the attn method. The output of the self-attention layer is returned in src2, and the attention weights are returned in attn_weights.

Note that in this example, we are computing self-attention, where the query, key, and value inputs to the attention layer are all the same. In practice, we may use different inputs for these three components in order to attend to different parts of the input sequence."

user,"how do I implement multihead attention in pytorch?"
bot,"
Here is an example of how to implement a multi-head attention layer in PyTorch:

python
import torch
import torch.nn as nn

class MultiheadAttention(nn.Module):
    def __init__(self, input_dim, num_heads):
        super(MultiheadAttention, self).__init__()
        self.input_dim = input_dim
        self.num_heads = num_heads
        
        # Define linear layers for computing queries, keys, and values
        self.query_layer = nn.Linear(input_dim, input_dim)
        self.key_layer = nn.Linear(input_dim, input_dim)
        self.value_layer = nn.Linear(input_dim, input_dim)
        
        # Define a linear layer for combining the attention heads
        self.output_layer = nn.Linear(input_dim, input_dim)
        
    def forward(self, inputs):
        # Compute queries, keys, and values
        queries = self.query_layer(inputs)
        keys = self.key_layer(inputs)
        values = self.value_layer(inputs)
        
        # Split queries, keys, and values into multiple heads
        queries = queries.view(-1, self.num_heads, self.input_dim // self.num_heads)
        keys = keys.view(-1, self.num_heads, self.input_dim // self.num_heads)
        values = values.view(-1, self.num_heads, self.input_dim // self.num_heads)
        
        # Compute dot product attention scores
        scores = torch.matmul(queries, keys.transpose(-2, -1))
        scores = scores / (self.input_dim // self.num_heads) ** 0.5
        
        # Apply softmax to get attention weights
        weights = torch.softmax(scores, dim=-1)
        
        # Apply attention weights to values
        attended_values = torch.matmul(weights, values)
        
        # Concatenate attention heads and apply output layer
        concatenated_values = attended_values.view(-1, self.input_dim)
        output = self.output_layer(concatenated_values)
        
        return output


In this example, we define a MultiheadAttention class that takes an input tensor of shape (batch_size, sequence_length, input_dim) and splits it into num_heads attention heads. We then compute queries, keys, and values for each head using linear layers, and compute dot product attention scores between queries and keys. We apply softmax to get attention weights, and apply them to the values to get attended values. We concatenate the attended values across heads and apply a linear layer to get the final output."


#
#
#    pytorch | load data
#
#

Here is an example of how to load a CSV file using PyTorch's Dataset and DataLoader classes:

import pandas as pd
import torch
from torch.utils.data import Dataset, DataLoader

# Define a custom dataset class
class MyDataset(Dataset):
    def __init__(self, csv_file):
        self.data = pd.read_csv(csv_file)
    
    def __len__(self):
        return len(self.data)
    
    def __getitem__(self, idx):
        row = self.data.iloc[idx]
        x = torch.tensor(row[:-1].values, dtype=torch.float32)
        y = torch.tensor(row[-1], dtype=torch.long)
        return x, y

# Load the CSV file into a dataset
dataset = MyDataset('my_data.csv')

# Create a data loader for batching and shuffling the data
batch_size = 32
shuffle = True
dataloader = DataLoader(dataset, batch_size=batch_size, shuffle=shuffle)

# Iterate over the data loader to access batches of data
for batch in dataloader:
    x_batch, y_batch = batch
    print('Input batch shape:', x_batch.shape)
    print('Output batch shape:', y_batch.shape)

In this example, we define a custom MyDataset class that reads a CSV file into a Pandas dataframe and returns individual rows as tuples of input and output tensors. We then create a PyTorch DataLoader object that iterates over the dataset in batches of size batch_size and optionally shuffles the data. Finally, we iterate over the data loader to access batches of input and output tensors

#
#
#    huggingface | to huggingface dataset
#
#

user,"how do I load a csv into a huggingface dataset?"
bot,"
from datasets import load_dataset
dataset = load_dataset('csv', data_files='my_file.csv')
dataset = load_dataset('csv', data_files=['my_file_1.csv', 'my_file_2.csv', 'my_file_3.csv'])
dataset = load_dataset('csv', data_files={'train': ['my_train_file_1.csv', 'my_train_file_2.csv']"

user,"how do I convert a dataframe to huggingface dataset?"
bot,"
import pandas as pd
import datasets
from datasets import Dataset, DatasetDict

# split dataset into multiple subset (train/validation)
tdf = pd.DataFrame({"a": [1, 2, 3], "b": ['hello', 'ola', 'thammi']})
vdf = pd.DataFrame({"a": [4, 5, 6], "b": ['four', 'five', 'six']})

# convert dataframe to dataset
tds = Dataset.from_pandas(tdf)
vds = Dataset.from_pandas(vdf)

# combine multiple dataset subsets into a dataset dictionary
ds = DatasetDict()

# train/validation split
ds['train'] = tds
ds['validation'] = vds"


user,"how do I convert a dataframe into a huggingface dataset?"
bot,"
import pandas as pd
import datasets
from datasets import Dataset, DatasetDict

# input dataframe (int)
tdf = pd.DataFrame({"a": [1,2,3], 
                    "b": [3,4,5]})

# input dataframe (list)
tdf = pd.DataFrame({"a": [[1,2,3],[1,2,3],[1,2,3]], 
                    "b": [[3,4,5],[3,4,5],[3,4,5]]})

# convert df to dataset
tds = Dataset.from_pandas(tdf)

# combine multiple dataset subsets
ds = DatasetDict()
ds['train'] = tds # train/validation split"

user,"how do I rename a huggingface dataset column?"
bot,"

# to rename a huggingface dataset column
dataset = dataset.rename_column("sentence1", "sentenceA")
"

user,"how do I remove a column from a huggingface dataset?"
bot,"

# remove a single column
dataset = dataset.remove_columns('label')

# remove multiple columns
dataset = dataset.remove_columns(['sentence1', 'sentence2'])"

user,"how do I convert a huggingface dataset into a dataframe?"
bot,"
# to convert a dataset into a dataframe
df = dataset.to_pandas()"

user,"how do I load a json into a huggingface dataset?"
bot,"

# load the entire file
from datasets import load_dataset
dataset = load_dataset('json', data_files='my_file.json')

# using field data
from datasets import load_dataset
dataset = load_dataset('json', data_files='my_file.json', field='data')
"

user,"how do I load a txt file into a huggingface dataset?"
bot,"
dataset = load_dataset('text', data_files={'train': ['my_text_1.txt'], 'test': 'my_test_file.txt'})"


#
#
#    NLP | general
#
#

user,"what is a finite state automation?"
bot,"A finite state automaton (also known as a finite state machine) is a mathematical model used to represent a system that can be in a finite number of states and transitions between those states based on inputs. It consists of a finite set of states, a set of input symbols, a transition function that maps a state and an input symbol to a new state, and a set of final or accepting states. Finite state automata are often used in computer science to model systems such as regular expressions, compilers, and network protocols."

user,"what does zipf law represent?"
bot,"Zipf's law is a statistical distribution that describes the frequency of occurrence of different items in a large corpus of text or data. It states that the frequency of any given item is inversely proportional to its rank in the frequency table. In other words, the most common item occurs twice as often as the second most common item, three times as often as the third most common item, and so on. Zipf's law has been observed in many different fields, including linguistics, economics, and biology, and is often used to analyze patterns of word usage, income distribution, and species abundance."

#
#
#    CatBoost Library
#
#

user,"give me an example of catboostregressor"
bot,"
from catboost import CatBoostRegressor
# Initialize data

train_data = [[1, 4, 5, 6],
              [4, 5, 6, 7],
              [30, 40, 50, 60]]

eval_data = [[2, 4, 6, 8],
             [1, 4, 50, 60]]

train_labels = [10, 20, 30]
# Initialize CatBoostRegressor
model = CatBoostRegressor(iterations=2,
                          learning_rate=1,
                          depth=2)
# Fit model
model.fit(train_data, train_labels)
# Get predictions
preds = model.predict(eval_data)"